Workbook

Sheet climate_change_per_kg
B1: Scenario | C1: Ammonia | D1: Hydrogen | E1: 2-Ethylanthraquinone | F1: Catalyst | G1: Electricity | H1: Heating | I1: Cooling | J1: CAPEX | K1: Direct emissions | L1: Total | M1: Impact 2050
A2: 0 | B2: N2O | C2: 3.1292734 | D2: 0 | E2: 0 | F2: 0.0045604199 | G2: 0.041235674 | H2: 0 | I2: 0.94914255 | J2: 0 | K2: 0.054661954 | L2: =SUM(C2:K2) -> 4.178874 | M2: 3.0602485
A3: =A2+1 -> 1 | B3: H2O2 | C3: 0 | D3: 0.93402477 | E3: 0.071590206 | F3: 2.9159049e-05 | G3: 0.060084848 | H3: 0.13736127 | I3: 0.001294687 | J3: 0 | K3: 0.081327667 | L3: =SUM(C3:K3) -> 1.2857126 | M3: 1.1492247
A4: =A3+1 -> 2 | B4: N2O | C4: 0.74856458 | D4: =D2 -> 0 | E4: =E2 -> 0 | F4: =F2 -> 0.0045604199 | G4: =G2 -> 0.041235674 | H4: =H2 -> 0 | I4: =I2 -> 0.94914255 | J4: =J2 -> 0 | K4: =K2 -> 0.054661954 | L4: =SUM(C4:K4) -> 1.7981652 | M4: 0.30380707
A5: =A4+1 -> 3 | B5: H2O2 | C5: =C3 -> 0 | D5: 0.1405427 | E5: =E3 -> 0.071590206 | F5: =F3 -> 2.9159049e-05 | G5: =G3 -> 0.060084848 | H5: =H3 -> 0.13736127 | I5: =I3 -> 0.001294687 | J5: =J3 -> 0 | K5: =K3 -> 0.081327667 | L5: =SUM(C5:K5) -> 0.49223054 | M5: 0.37075446

Sheet climate_change_NS_per_kg
B1: Scenario | C1: Ammonia | D1: Hydrogen | E1: 2-Ethylanthraquinone | F1: Catalyst | G1: Electricity | H1: Heating | I1: Cooling | J1: CAPEX | K1: Direct emissions | L1: Total | M1: Impact 2050
A2: 0 | B2: N2O | C2: 3.1173321 | D2: 0 | E2: 0 | F2: 0.0045604199 | G2: 0.056712684 | H2: 0 | I2: 0.0025773323 | J2: 0 | K2: 0.027300081 | L2: =SUM(C2:K2) -> 3.2084826 | M2: 3.0101242
A3: =A2+1 -> 1 | B3: H2O2 | C3: 0 | D3: 0.93402477 | E3: 0.071590206 | F3: 2.9159049e-05 | G3: 0.060084848 | H3: 0.13736127 | I3: 0.001294687 | J3: 0 | K3: 0.081327667 | L3: =SUM(C3:K3) -> 1.2857126 | M3: 1.1492247
A4: =A3+1 -> 2 | B4: N2O | C4: 0.74570805 | D4: =D2 -> 0 | E4: =E2 -> 0 | F4: =F2 -> 0.0045604199 | G4: =G2 -> 0.056712684 | H4: =H2 -> 0 | I4: =I2 -> 0.0025773323 | J4: =J2 -> 0 | K4: =K2 -> 0.027300081 | L4: =SUM(C4:K4) -> 0.83685857 | M4: 0.26420116
A5: =A4+1 -> 3 | B5: H2O2 | C5: =C3 -> 0 | D5: 0.1405427 | E5: =E3 -> 0.071590206 | F5: =F3 -> 2.9159049e-05 | G5: =G3 -> 0.060084848 | H5: =H3 -> 0.13736127 | I5: =I3 -> 0.001294687 | J5: =J3 -> 0 | K5: =K3 -> 0.081327667 | L5: =SUM(C5:K5) -> 0.49223054 | M5: 0.37075446

Sheet climate_change_NS_per_kg_ideal
B1: Scenario | C1: Ammonia | D1: Hydrogen | E1: 2-Ethylanthraquinone | F1: Catalyst | G1: Electricity | H1: Heating | I1: Cooling | J1: CAPEX | K1: Direct emissions | L1: Total | M1: Impact 2050
A2: 0 | B2: N2O ideal | C2: 2.7847923 | D2: 0 | E2: 0 | F2: 0.0045604199 | G2: 0.034123146 | H2: 0 | I2: =0.000579345129499959+0.00169693640788248 -> 0.0022762815 | J2: 0 | K2: 0 | L2: =SUM(C2:K2) -> 2.8257522 | M2: 2.6637414
A3: =A2+1 -> 1 | B3: N2O | C3: 3.1173321 | D3: 0 | E3: 0 | F3: 0.0045604199 | G3: 0.056712684 | H3: 0 | I3: 0.0025773323 | J3: 0 | K3: 0.027300081 | L3: =SUM(C3:K3) -> 3.2084826 | M3: 3.0101242
A4: =A3+1 -> 2 | B4: H2O2 | C4: 0 | D4: 0.93402477 | E4: 0.071590206 | F4: 2.9159049e-05 | G4: 0.060084848 | H4: 0.13736127 | I4: 0.001294687 | J4: 0 | K4: 0.081327667 | L4: =SUM(C4:K4) -> 1.2857126 | M4: 1.1492247
A5: =A4+1 -> 3 | B5: N2O ideal | C5: 0.66616005 | D5: 0 | E5: 0 | F5: 0.0045604199 | G5: =G2 -> 0.034123146 | H5: =H2 -> 0 | I5: =I2 -> 0.0022762815 | J5: =J2 -> 0 | K5: =K2 -> 0 | L5: =SUM(C5:K5) -> 0.70711989 | M5: 0.21073839
A6: =A5+1 -> 4 | B6: N2O | C6: 0.74570805 | D6: =D3 -> 0 | E6: =E3 -> 0 | F6: =F3 -> 0.0045604199 | G6: =G3 -> 0.056712684 | H6: =H3 -> 0 | I6: =I3 -> 0.0025773323 | J6: =J3 -> 0 | K6: =K3 -> 0.027300081 | L6: =SUM(C6:K6) -> 0.83685857 | M6: 0.26420116
A7: =A6+1 -> 5 | B7: H2O2 | C7: =C4 -> 0 | D7: 0.1405427 | E7: =E4 -> 0.071590206 | F7: =F4 -> 2.9159049e-05 | G7: =G4 -> 0.060084848 | H7: =H4 -> 0.13736127 | I7: =I4 -> 0.001294687 | J7: =J4 -> 0 | K7: =K4 -> 0.081327667 | L7: =SUM(C7:K7) -> 0.49223054 | M7: 0.37075446

Sheet climate_change_per_kmol
B1: Scenario | C1: Ammonia | D1: Hydrogen | E1: 2-Ethylanthraquinone | F1: Catalyst | G1: Electricity | H1: Heating | I1: Cooling | J1: CAPEX | K1: Direct emissions | L1: Total | M1: Impact 2050
A2: 0 | B2: N2O | C2: =climate_change_per_kg!C2*44 -> 137.68803 | D2: =climate_change_per_kg!D2*44 -> 0 | E2: =climate_change_per_kg!E2*44 -> 0 | F2: =climate_change_per_kg!F2*44 -> 0.20065847 | G2: =climate_change_per_kg!G2*44 -> 1.8143697 | H2: =climate_change_per_kg!H2*44 -> 0 | I2: =climate_change_per_kg!I2*44 -> 41.762272 | J2: =climate_change_per_kg!J2*44 -> 0 | K2: =climate_change_per_kg!K2*44 -> 2.405126 | L2: =SUM(C2:K2) -> 183.87046 | M2: =climate_change_per_kg!M2*44 -> 134.65094
A3: =A2+1 -> 1 | B3: H2O2 | C3: =climate_change_per_kg!C3*34 -> 0 | D3: =climate_change_per_kg!D3*34 -> 31.756842 | E3: =climate_change_per_kg!E3*34 -> 2.434067 | F3: =climate_change_per_kg!F3*34 -> 0.00099140766 | G3: =climate_change_per_kg!G3*34 -> 2.0428848 | H3: =climate_change_per_kg!H3*34 -> 4.6702832 | I3: =climate_change_per_kg!I3*34 -> 0.044019359 | J3: =climate_change_per_kg!J3*34 -> 0 | K3: =climate_change_per_kg!K3*34 -> 2.7651407 | L3: =SUM(C3:K3) -> 43.714229 | M3: =climate_change_per_kg!M3*34 -> 39.073639
A4: =A3+1 -> 2 | B4: N2O | C4: =climate_change_per_kg!C4*44 -> 32.936842 | D4: =climate_change_per_kg!D4*44 -> 0 | E4: =climate_change_per_kg!E4*44 -> 0 | F4: =climate_change_per_kg!F4*44 -> 0.20065847 | G4: =climate_change_per_kg!G4*44 -> 1.8143697 | H4: =climate_change_per_kg!H4*44 -> 0 | I4: =climate_change_per_kg!I4*44 -> 41.762272 | J4: =climate_change_per_kg!J4*44 -> 0 | K4: =climate_change_per_kg!K4*44 -> 2.405126 | L4: =SUM(C4:K4) -> 79.119268 | M4: =climate_change_per_kg!M4*44 -> 13.367511
A5: =A4+1 -> 3 | B5: H2O2 | C5: =climate_change_per_kg!C5*34 -> 0 | D5: =climate_change_per_kg!D5*34 -> 4.7784519 | E5: =climate_change_per_kg!E5*34 -> 2.434067 | F5: =climate_change_per_kg!F5*34 -> 0.00099140766 | G5: =climate_change_per_kg!G5*34 -> 2.0428848 | H5: =climate_change_per_kg!H5*34 -> 4.6702832 | I5: =climate_change_per_kg!I5*34 -> 0.044019359 | J5: =climate_change_per_kg!J5*34 -> 0 | K5: =climate_change_per_kg!K5*34 -> 2.7651407 | L5: =SUM(C5:K5) -> 16.735838 | M5: =climate_change_per_kg!M5*34 -> 12.605652

Sheet economics_per_kg
B1: Scenario | C1: Ammonia | D1: Hydrogen | E1: 2-Ethylanthraquinone | F1: Catalyst | G1: Electricity | H1: Heating | I1: Cooling | J1: CAPEX | K1: Direct emissions | L1: Total | M1: Impact 2050
A2: 0 | B2: N2O | C2: 0.66966301 | D2: 0 | E2: 0 | F2: 0.0052915975 | G2: 0.0056797478 | H2: 0 | I2: 0.10084034 | J2: 0.036329861 | K2: 0 | L2: =SUM(C2:K2) -> 0.81780456 | M2: 0.74123231
A3: =A2+1 -> 1 | B3: H2O2 | C3: 0 | D3: 0.1215969 | E3: 1.7534231 | F3: 0.00017024819 | G3: 0.0082752625 | H3: 0.014012332 | I3: 0.0014292667 | J3: 0.036477818 | K3: 0 | L3: =SUM(C3:K3) -> 1.9353849 | M3: 1.9222716
A4: =A3+1 -> 2 | B4: N2O | C4: 1.2562723 | D4: =D2 -> 0 | E4: =E2 -> 0 | F4: =F2 -> 0.0052915975 | G4: =G2 -> 0.0056797478 | H4: =H2 -> 0 | I4: =I2 -> 0.10084034 | J4: =J2 -> 0.036329861 | K4: =K2 -> 0 | L4: =SUM(C4:K4) -> 1.4044138 | M4: 0.994
A5: =A4+1 -> 3 | B5: H2O2 | C5: =C3 -> 0 | D5: 0.40893344 | E5: =E3 -> 1.7534231 | F5: =F3 -> 0.00017024819 | G5: =G3 -> 0.0082752625 | H5: =H3 -> 0.014012332 | I5: =I3 -> 0.0014292667 | J5: =J3 -> 0.036477818 | K5: =K3 -> 0 | L5: =SUM(C5:K5) -> 2.2227215 | M5: 2.0440956

Sheet economics_NS_per_kg
B1: Scenario | C1: Ammonia | D1: Hydrogen | E1: 2-Ethylanthraquinone | F1: Catalyst | G1: Electricity | H1: Heating | I1: Cooling | J1: CAPEX | K1: Direct emissions | L1: Total | M1: Impact 2050
A2: 0 | B2: N2O | C2: 0.66710739 | D2: 0 | E2: 0 | F2: 0.0052915975 | G2: 0.0078115136 | H2: 0 | I2: 0.0026297962 | J2: 0.060659301 | K2: 0 | L2: =SUM(C2:K2) -> 0.7434996 | M2: 0.66719821
A3: =A2+1 -> 1 | B3: H2O2 | C3: 0 | D3: 0.1215969 | E3: 1.7534231 | F3: 0.00017024819 | G3: 0.0082752625 | H3: 0.014012332 | I3: 0.0014292667 | J3: 0.036477818 | K3: 0 | L3: =SUM(C3:K3) -> 1.9353849 | M3: 1.9222716
A4: =A3+1 -> 2 | B4: N2O | C4: 1.2514755 | D4: 0 | E4: 0 | F4: =F2 -> 0.0052915975 | G4: =G2 -> 0.0078115136 | H4: =H2 -> 0 | I4: =I2 -> 0.0026297962 | J4: =J2 -> 0.060659301 | K4: =K2 -> 0 | L4: =SUM(C4:K4) -> 1.3278677 | M4: 0.91879092
A5: =A4+1 -> 3 | B5: H2O2 | C5: =C3 -> 0 | D5: 0.40893344 | E5: =E3 -> 1.7534231 | F5: =F3 -> 0.00017024819 | G5: =G3 -> 0.0082752625 | H5: =H3 -> 0.014012332 | I5: =I3 -> 0.0014292667 | J5: =J3 -> 0.036477818 | K5: =K3 -> 0 | L5: =SUM(C5:K5) -> 2.2227215 | M5: 2.0440956

Sheet economics_NS_per_kg_ideal
B1: Scenario | C1: Ammonia | D1: Hydrogen | E1: 2-Ethylanthraquinone | F1: Catalyst | G1: Electricity | H1: Heating | I1: Cooling | J1: CAPEX | K1: Direct emissions | L1: Total | M1: Impact 2050
A2: 0 | B2: N2O ideal | C2: 0.59594291 | D2: 0 | E2: 0 | F2: 0.0052915975 | G2: 0.0042884463 | H2: 0 | I2: 0.0023076491 | J2: 0.032696429 | K2: 0 | L2: =SUM(C2:K2) -> 0.64052703 | M2: 0.572
A3: =A2+1 -> 1 | B3: N2O | C3: 0.66710739 | D3: 0 | E3: 0 | F3: 0.0052915975 | G3: 0.0078115136 | H3: 0 | I3: 0.0026297962 | J3: 0.060659301 | K3: 0 | L3: =SUM(C3:K3) -> 0.7434996 | M3: 0.66719821
A4: =A3+1 -> 2 | B4: H2O2 | C4: 0 | D4: 0.1215969 | E4: 1.7534231 | F4: 0.00017024819 | G4: 0.0082752625 | H4: 0.014012332 | I4: 0.0014292667 | J4: 0.036477818 | K4: 0 | L4: =SUM(C4:K4) -> 1.9353849 | M4: 1.9222716
A5: =A4+1 -> 3 | B5: N2O ideal | C5: 1.117975 | D5: 0 | E5: 0 | F5: 0.0052915975 | G5: 0.0042884463 | H5: 0 | I5: 0.0023076491 | J5: 0.032696429 | K5: 0 | L5: =SUM(C5:K5) -> 1.1625592 | M5: 0.797
A6: =A5+1 -> 4 | B6: N2O | C6: 1.2514755 | D6: 0 | E6: 0 | F6: =F3 -> 0.0052915975 | G6: =G3 -> 0.0078115136 | H6: =H3 -> 0 | I6: =I3 -> 0.0026297962 | J6: =J3 -> 0.060659301 | K6: =K3 -> 0 | L6: =SUM(C6:K6) -> 1.3278677 | M6: 0.91879092
A7: =A6+1 -> 5 | B7: H2O2 | C7: =C4 -> 0 | D7: 0.40893344 | E7: =E4 -> 1.7534231 | F7: =F4 -> 0.00017024819 | G7: =G4 -> 0.0082752625 | H7: =H4 -> 0.014012332 | I7: =I4 -> 0.0014292667 | J7: =J4 -> 0.036477818 | K7: =K4 -> 0 | L7: =SUM(C7:K7) -> 2.2227215 | M7: 2.0440956

Sheet economics_per_kmol
B1: Scenario | C1: Ammonia | D1: Hydrogen | E1: 2-Ethylanthraquinone | F1: Catalyst | G1: Electricity | H1: Heating | I1: Cooling | J1: CAPEX | K1: Direct emissions | L1: Total | M1: Impact 2050
A2: 0 | B2: N2O | C2: =economics_per_kg!C2*44 -> 29.465173 | D2: =economics_per_kg!D2*44 -> 0 | E2: =economics_per_kg!E2*44 -> 0 | F2: =economics_per_kg!F2*44 -> 0.23283029 | G2: =economics_per_kg!G2*44 -> 0.2499089 | H2: =economics_per_kg!H2*44 -> 0 | I2: =economics_per_kg!I2*44 -> 4.4369752 | J2: =economics_per_kg!J2*44 -> 1.5985139 | K2: =economics_per_kg!K2*44 -> 0 | L2: =SUM(C2:K2) -> 35.983401 | M2: =economics_per_kg!M2*44 -> 32.614222
A3: =A2+1 -> 1 | B3: H2O2 | C3: =economics_per_kg!C3*34 -> 0 | D3: =economics_per_kg!D3*34 -> 4.1342946 | E3: =economics_per_kg!E3*34 -> 59.616386 | F3: =economics_per_kg!F3*34 -> 0.0057884385 | G3: =economics_per_kg!G3*34 -> 0.28135893 | H3: =economics_per_kg!H3*34 -> 0.47641929 | I3: =economics_per_kg!I3*34 -> 0.048595066 | J3: =economics_per_kg!J3*34 -> 1.2402458 | K3: =economics_per_kg!K3*34 -> 0 | L3: =SUM(C3:K3) -> 65.803088 | M3: =economics_per_kg!M3*34 -> 65.357235
A4: =A3+1 -> 2 | B4: N2O | C4: =economics_per_kg!C4*44 -> 55.275979 | D4: =economics_per_kg!D4*44 -> 0 | E4: =economics_per_kg!E4*44 -> 0 | F4: =economics_per_kg!F4*44 -> 0.23283029 | G4: =economics_per_kg!G4*44 -> 0.2499089 | H4: =economics_per_kg!H4*44 -> 0 | I4: =economics_per_kg!I4*44 -> 4.4369752 | J4: =economics_per_kg!J4*44 -> 1.5985139 | K4: =economics_per_kg!K4*44 -> 0 | L4: =SUM(C4:K4) -> 61.794207 | M4: =economics_per_kg!M4*44 -> 43.736
A5: =A4+1 -> 3 | B5: H2O2 | C5: =economics_per_kg!C5*34 -> 0 | D5: =economics_per_kg!D5*34 -> 13.903737 | E5: =economics_per_kg!E5*34 -> 59.616386 | F5: =economics_per_kg!F5*34 -> 0.0057884385 | G5: =economics_per_kg!G5*34 -> 0.28135893 | H5: =economics_per_kg!H5*34 -> 0.47641929 | I5: =economics_per_kg!I5*34 -> 0.048595066 | J5: =economics_per_kg!J5*34 -> 1.2402458 | K5: =economics_per_kg!K5*34 -> 0 | L5: =SUM(C5:K5) -> 75.572531 | M5: =economics_per_kg!M5*34 -> 69.49925

Sheet selectivity_sensitivity
A1: Nitrous oxide - fossil | B1: Impact | C1: Cost | G1: Nitrous oxide - green | H1: Impact | I1: Cost
A2: 1 | B2: 2.8211917 | C2: 0.63523543 | G2: 1 | H2: 0.70255946 | I2: 1.1572676
A3: 0.887 | B3: =climate_change_per_kg!L2 -> 4.178874 | C3: =economics_per_kg!L2 -> 0.81780456 | G3: 0.887 | H3: =climate_change_per_kg!L4 -> 1.7981652 | I3: =economics_per_kg!L4 -> 1.4044138
A4: 89% NS | B4: =climate_change_NS_per_kg!L2 -> 3.2084826 | C4: =economics_NS_per_kg!L2 -> 0.7434996 | G4: 89% NS | H4: =climate_change_NS_per_kg!L4 -> 0.83685857 | I4: =economics_NS_per_kg!L4 -> 1.3278677
A6: Hydrogen peroxide - fossil | B6: Impact | C6: Cost | G6: Hydrogen peroxide - green | H6: Impact | I6: Cost
B7: =climate_change_per_kg!L3 -> 1.2857126 | C7: =economics_per_kg!L3 -> 1.9353849 | H7: =climate_change_per_kg!L5 -> 0.49223054 | I7: =economics_NS_per_kg!M5 -> 2.0440956
A9: Fossil
A10: Nitrous oxide selectivity | B10: Impact | C10: Cost | G10: Nitrous oxide NS selectivity | H10: Impact | I10: Cost
A11: 50 | B11: =-12.015*A11/100+14.836 -> 8.8285 | C11: =-1.6157*A11/100+2.2509 -> 1.44305 | G11: 50 | H11: =-3.4274*G11/100+6.2485 -> 4.5348 | I11: =-0.9581*G11/100+1.5933 -> 1.11425
A12: 55 | B12: =-12.015*A12/100+14.836 -> 8.22775 | C12: =-1.6157*A12/100+2.2509 -> 1.362265 | G12: 55 | H12: =-3.4274*G12/100+6.2485 -> 4.36343 | I12: =-0.9581*G12/100+1.5933 -> 1.066345
A13: 60 | B13: =-12.015*A13/100+14.836 -> 7.627 | C13: =-1.6157*A13/100+2.2509 -> 1.28148 | G13: 60 | H13: =-3.4274*G13/100+6.2485 -> 4.19206 | I13: =-0.9581*G13/100+1.5933 -> 1.01844
A14: 65 | B14: =-12.015*A14/100+14.836 -> 7.02625 | C14: =-1.6157*A14/100+2.2509 -> 1.200695 | G14: 65 | H14: =-3.4274*G14/100+6.2485 -> 4.02069 | I14: =-0.9581*G14/100+1.5933 -> 0.970535
A15: 70 | B15: =-12.015*A15/100+14.836 -> 6.4255 | C15: =-1.6157*A15/100+2.2509 -> 1.11991 | G15: 70 | H15: =-3.4274*G15/100+6.2485 -> 3.84932 | I15: =-0.9581*G15/100+1.5933 -> 0.92263
A16: 75 | B16: =-12.015*A16/100+14.836 -> 5.82475 | C16: =-1.6157*A16/100+2.2509 -> 1.039125 | G16: 75 | H16: =-3.4274*G16/100+6.2485 -> 3.67795 | I16: =-0.9581*G16/100+1.5933 -> 0.874725
A17: 80 | B17: =-12.015*A17/100+14.836 -> 5.224 | C17: =-1.6157*A17/100+2.2509 -> 0.95834 | G17: 80 | H17: =-3.4274*G17/100+6.2485 -> 3.50658 | I17: =-0.9581*G17/100+1.5933 -> 0.82682
A18: 85 | B18: =-12.015*A18/100+14.836 -> 4.62325 | C18: =-1.6157*A18/100+2.2509 -> 0.877555 | G18: 85 | H18: =-3.4274*G18/100+6.2485 -> 3.33521 | I18: =-0.9581*G18/100+1.5933 -> 0.778915
A19: 90 | B19: =-12.015*A19/100+14.836 -> 4.0225 | C19: =-1.6157*A19/100+2.2509 -> 0.79677 | G19: 90 | H19: =-3.4274*G19/100+6.2485 -> 3.16384 | I19: =-0.9581*G19/100+1.5933 -> 0.73101
A20: 95 | B20: =-12.015*A20/100+14.836 -> 3.42175 | C20: =-1.6157*A20/100+2.2509 -> 0.715985 | G20: 95 | H20: =-3.4274*G20/100+6.2485 -> 2.99247 | I20: =-0.9581*G20/100+1.5933 -> 0.683105
A21: 100 | B21: =-12.015*A21/100+14.836 -> 2.821 | C21: =-1.6157*A21/100+2.2509 -> 0.6352 | G21: 100 | H21: =-3.4274*G21/100+6.2485 -> 2.8211 | I21: =-0.9581*G21/100+1.5933 -> 0.6352
A22: 112.7757 | B22: =-12.015*A22/100+14.836 -> 1.286 | C22: =-1.6157*A22/100+2.2509 -> 0.42878306 | G22: 144.78905 | H22: =-3.4274*G22/100+6.2485 -> 1.286 | I22: =-0.9581*G22/100+1.5933 -> 0.20607608
A24: Green
A25: Nitrous oxide selectivity | B25: Impact | C25: Cost | G25: Nitrous oxide NS selectivity | H25: Impact | I25: Cost
A26: 50 | B26: =-9.6956*A26/100+10.398 -> 5.5502 | C26: =-2.1871*A26/100+3.3444 -> 2.25085 | G26: 50 | H26: =-1.1885*G26/100+1.891 -> 1.29675 | I26: =-1.5097*G26/100+2.667 -> 1.91215
A27: 55 | B27: =-9.6956*A27/100+10.398 -> 5.06542 | C27: =-2.1871*A27/100+3.3444 -> 2.141495 | G27: 55 | H27: =-1.1885*G27/100+1.891 -> 1.237325 | I27: =-1.5097*G27/100+2.667 -> 1.836665
A28: 60 | B28: =-9.6956*A28/100+10.398 -> 4.58064 | C28: =-2.1871*A28/100+3.3444 -> 2.03214 | G28: 60 | H28: =-1.1885*G28/100+1.891 -> 1.1779 | I28: =-1.5097*G28/100+2.667 -> 1.76118
A29: 65 | B29: =-9.6956*A29/100+10.398 -> 4.09586 | C29: =-2.1871*A29/100+3.3444 -> 1.922785 | G29: 65 | H29: =-1.1885*G29/100+1.891 -> 1.118475 | I29: =-1.5097*G29/100+2.667 -> 1.685695
A30: 70 | B30: =-9.6956*A30/100+10.398 -> 3.61108 | C30: =-2.1871*A30/100+3.3444 -> 1.81343 | G30: 70 | H30: =-1.1885*G30/100+1.891 -> 1.05905 | I30: =-1.5097*G30/100+2.667 -> 1.61021
A31: 75 | B31: =-9.6956*A31/100+10.398 -> 3.1263 | C31: =-2.1871*A31/100+3.3444 -> 1.704075 | G31: 75 | H31: =-1.1885*G31/100+1.891 -> 0.999625 | I31: =-1.5097*G31/100+2.667 -> 1.534725
A32: 80 | B32: =-9.6956*A32/100+10.398 -> 2.64152 | C32: =-2.1871*A32/100+3.3444 -> 1.59472 | G32: 80 | H32: =-1.1885*G32/100+1.891 -> 0.9402 | I32: =-1.5097*G32/100+2.667 -> 1.45924
A33: 85 | B33: =-9.6956*A33/100+10.398 -> 2.15674 | C33: =-2.1871*A33/100+3.3444 -> 1.485365 | G33: 85 | H33: =-1.1885*G33/100+1.891 -> 0.880775 | I33: =-1.5097*G33/100+2.667 -> 1.383755
A34: 90 | B34: =-9.6956*A34/100+10.398 -> 1.67196 | C34: =-2.1871*A34/100+3.3444 -> 1.37601 | G34: 90 | H34: =-1.1885*G34/100+1.891 -> 0.82135 | I34: =-1.5097*G34/100+2.667 -> 1.30827
A35: 95 | B35: =-9.6956*A35/100+10.398 -> 1.18718 | C35: =-2.1871*A35/100+3.3444 -> 1.266655 | G35: 95 | H35: =-1.1885*G35/100+1.891 -> 0.761925 | I35: =-1.5097*G35/100+2.667 -> 1.232785
A36: 100 | B36: =-9.6956*A36/100+10.398 -> 0.7024 | C36: =-2.1871*A36/100+3.3444 -> 1.1573 | G36: 100 | H36: =-1.1885*G36/100+1.891 -> 0.7025 | I36: =-1.5097*G36/100+2.667 -> 1.1573
A37: 102.17006 | B37: =-9.6956*A37/100+10.398 -> 0.492 | C37: =-2.1871*A37/100+3.3444 -> 1.1098387 | G37: 117.7114 | H37: =-1.1885*G37/100+1.891 -> 0.492 | I37: =-1.5097*G37/100+2.667 -> 0.88991098
