Workbook

Sheet Material streams
A1: Final product: N2O
A3: Stream name | B3: Component | C3: Type | D3: Mass flow (kg/hr) | E3: Mass/kg N2O
A4: Air | B4: Air | C4: Feed | D4: =177122.915523556+94920.4887516874 -> 272043.4 | E4: =D4/$D$13 -> 7.2544695 | H4: *From a report
A5: NH3 | B5: Ammonia | C5: Feed | D5: =17565.0265983176+16589.1397455101 -> 34154.166 | E5: =D5/$D$13 -> 0.9107751 | I5: kg per kg ammonium nitrate emissions | J5: mol per mol ammonium nitrate
A6: Water | B6: Water | C6: Feed | D6: 16464.354 | E6: =D6/$D$13 -> 0.43904814 | H6: Ammonia | I6: 0.009215 | J6: =I6/17*80 -> 0.043364706
A7: Water | B7: Water | C7: Emissions | D7: 62153.061 | E7: =D7/$D$13 -> 1.6574101 | F7: =E7-E6 -> 1.218362 | G7: =F7/1000 -> 0.001218362 | H7: Nitric acid | I7: 0.000521 | J7: =I7/63*80 -> 0.0006615873
A8: Purge gas | B8: Nitrogen dioxide | C8: Emissions | D8: 1758.51 | E8: =D8/$D$13 -> 0.046893461 | F8: =E8+E9 -> 0.061080973
A9: Purge gas | B9: Nitrogen monoxide | C9: Emissions | D9: 532.03324 | E9: =D9/$D$13 -> 0.014187511
A10: Purge gas | B10: Nitrous oxide | C10: Emissions | D10: 344.47356 | E10: =D10/$D$13 -> 0.0091859346
A11: Purge gas 2 | B11: Ammonia | C11: Emissions | D11: 689.4839 | E11: =D11/$D$13 -> 0.018386183
A12: Purge gas 2 | B12: Nitric acid | C12: Emissions | D12: 38.789395 | E12: =D12/$D$13 -> 0.0010343808
A13: N2O | B13: Nitrous oxide | C13: Product | D13: =37499.9996367881+0.11042654672145 -> 37500.11 | E13: =D13/$D$13 -> 1

Sheet Electricity
A2: Block | B2: Type | C2: kWh | D2: kWh/kg N2O
A3: K-100 | B3: Compressor | C3: 9329.5414 | D3: =C3/'Material streams'!$D$13 -> 0.24878704
A4: K-101 | B4: Compressor | C4: 4113.4161 | D4: =C4/'Material streams'!$D$13 -> 0.10969077
A5: K-102 | B5: Compressor | C5: 5127.0955 | D5: =C5/'Material streams'!$D$13 -> 0.13672215
A6: K-103 | B6: Compressor | C6: 2412.9475 | D6: =C6/'Material streams'!$D$13 -> 0.064345079
A7: K-104 | B7: Compressor | C7: 1645.3279 | D7: =C7/'Material streams'!$D$13 -> 0.043875281
A8: K-105 | B8: Compressor | C8: 611.39949 | D8: =C8/'Material streams'!$D$13 -> 0.016303939
A9: P-100 | B9: Pump | C9: 4.23745 | D9: =C9/'Material streams'!$D$13 -> 0.00011299833
B10: Total | C10: =SUM(C3:C9) -> 23243.965 | D10: =SUM(D3:D9) -> 0.61983726

Sheet Utilities
A1: Utility | B1: Load (kJ/h) | C1: Flow rate (kg/h) | D1: Flow/kg N2O
A2: HP steam generation | B2: 55868697 | C2: =B2/D10/G10 -> 32804.12 | D2: =C2/'Material streams'!$D$13 -> 0.87477397
A3: Cooling water | B3: 1.5093425e+08 | C3: =B3/D11/G11 -> 7216554.9 | D3: =C3/'Material streams'!$D$13 -> 192.4409 | E3: =B3/10^3/'Material streams'!D13 -> 4.0249014
A4: LP steam generation | B4: 1.9478306e+08 | C4: =B4/D12/G12 -> 88682.874 | D4: =C4/'Material streams'!$D$13 -> 2.3648697
A5: MP steam generation | B5: 0 | C5: =B5/D13/G13 -> 0 | D5: =C5/'Material streams'!$D$13 -> 0
A8: Data used for calculating the mass flow rate taken from Aspen energy analyzer
A9: Utility | B9: Target Load (kJ/h) | C9: Target Flow Rate (kg/h) | D9: Effective Cp (kJ/kg C) | E9: Tin | F9: Tout | G9: ΔT
A10: HP steam generation | B10: 6.1838082e+08 | C10: 363091.32 | D10: 1703.1 | E10: 249 | F10: 250 | G10: =F10-E10 -> 1
A11: Cooling water | B11: 1.2677532e+08 | C11: 6061454.2 | D11: 4.183 | E11: 15 | F11: 20 | G11: =F11-E11 -> 5
A12: LP steam generation | B12: 8719455 | C12: 3969.8848 | D12: 2196.4 | E12: 124 | F12: 125 | G12: =F12-E12 -> 1
A13: MP steam generation | B13: 975898.64 | C13: 492.52985 | D13: 1981.4 | E13: 174 | F13: 175 | G13: =F13-E13 -> 1
