Workbook

Sheet Material streams
A1: Final product: N2O
A3: Stream name | B3: Component | C3: Type | D3: Mass flow (kg/hr) | E3: Mass/kg N2O
A4: Air | B4: Air | C4: Feed | D4: =259653.5748+9636.03266480001 -> 269289.61 | E4: =D4/$D$13 -> 7.2192095
A5: NH3 | B5: Ammonia | C5: Feed | D5: =16332.30704+17030.56 -> 33362.867 | E5: =D5/$D$13 -> 0.89440335
A6: Water | B6: Water | C6: Feed | D6: 18015.28 | E6: =D6/$D$13 -> 0.4829599
A7: Water | B7: Water | C7: Emissions | D7: 72568.126 | E7: =D7/$D$13 -> 1.9454316 | F7: =E7-E6 -> 1.4624717 | G7: =F7/1000 -> 0.0014624717
A8: Purge gas | B8: Nitrogen | C8: Emissions | D8: =1679.05795750001+206520.394118538 -> 208199.45 | E8: =D8/$D$13 -> 5.5814834
A9: Purge gas | B9: Oxygen | C9: Emissions | D9: 1.2504471 | E9: =D9/$D$13 -> 3.3522422e-05
A10: Purge gas | B10: Nitrogen dioxide | C10: Emissions | D10: 1102.9828 | E10: =D10/$D$13 -> 0.029569147
A11: Purge gas | B11: Nitrogen monoxide | C11: Emissions | D11: 1438.7944 | E11: =D11/$D$13 -> 0.038571701
A12: Purge gas | B12: Nitric acid | C12: Emissions | D12: 55.335295 | E12: =D12/$D$13 -> 0.0014834478
A13: N2O | B13: Nitrous oxide | C13: Product | D13: 37301.814 | E13: =D13/$D$13 -> 1

Sheet Electricity
A2: Block | B2: Type | C2: kWh | D2: kWh/kg N2O
A3: K-100 | B3: Compressor | C3: 12404.501 | D3: =C3/'Material streams'!$D$13 -> 0.33254417
A4: K-101 | B4: Compressor | C4: 5465.3973 | D4: =C4/'Material streams'!$D$13 -> 0.14651827
A5: K-102 | B5: Compressor | C5: 459.68808 | D5: =C5/'Material streams'!$D$13 -> 0.012323478
A6: K-103 | B6: Compressor | C6: 207.32995 | D6: =C6/'Material streams'!$D$13 -> 0.0055581734
A7: K-104 | B7: Compressor | C7: 1359.2785 | D7: =C7/'Material streams'!$D$13 -> 0.036440012
A8: K-105 | B8: Compressor | C8: 516.06536 | D8: =C8/'Material streams'!$D$13 -> 0.01383486
A9: P-100 | B9: Pump | C9: 4.146198 | D9: =C9/'Material streams'!$D$13 -> 0.00011115272
B10: Total | C10: =SUM(C3:C9) -> 20416.406 | D10: =SUM(D3:D9) -> 0.54733012

Sheet Utilities
A1: Utility | B1: Load (kJ/h) | C1: Flow rate (kg/h) | D1: Flow/kg N2O
A2: HP steam generation | B2: 1.5587411e+08 | C2: =B2/B9/E9 -> 91523.758 | D2: =C2/'Material streams'!$D$13 -> 2.4536007
A3: Cooling water | B3: 4.8278121e+08 | C3: =B3/B10/E10 -> 23083013 | D3: =C3/'Material streams'!$D$13 -> 618.81744
A4: Fired heat - natural gas | B4: 10473814 | C4: =B4/B11/E11 -> 222.37396 | D4: =C4/'Material streams'!$D$13 -> 0.0059614786
A7: Data used for calculating the mass flow rate taken from Aspen energy analyzer
A8: Utility | B8: Effective Cp (kJ/kg C) | C8: Tin | D8: Tout | E8: ΔT
A9: HP steam generation | B9: 1703.1 | C9: 249 | D9: 250 | E9: =D9-C9 -> 1
A10: Cooling water | B10: 4.183 | C10: 15 | D10: 20 | E10: =D10-C10 -> 5
A11: Fired heat - natural gas | B11: 47100 | C11: 1247 | D11: 1246 | E11: =C11-D11 -> 1
