Workbook

Sheet Material streams
A1: Final product: H2O2
A3: Stream name | B3: Component | C3: Type | D3: Mass flow (kg/hr) | E3: Mass/kg H2O2
A4: Hydrogen | B4: Hydrogen | C4: Feed | D4: 2469.375 | E4: =D4/$D$10 -> 0.065856585
A5: Anthroquinone | B5: Anthroquinone | C5: Feed | D5: =289421.705292985-289305.935935502 -> 115.76936 | E5: =D5/$D$10 -> 0.0030874916
A6: Oxygen | B6: Oxygen | C6: Feed | D6: 35277.563 | E6: =D6/$D$10 -> 0.94082908
A7: Water | B7: Water | C7: Emissions | D7: 21379.226 | E7: =D7/$D$10 -> 0.57016971 | F7: =E7/1000 -> 0.00057016971
A8: Purge gas | B8: Hydrogen | C8: Emissions | D8: 245.83018 | E8: =D8/$D$10 -> 0.0065561271
A9: Purge gas | B9: Anthroquinone | C9: Emissions | D9: 115.76868 | E9: =D9/$D$10 -> 0.0030874736
A10: H2O2 | B10: Nitrous oxide | C10: Product | D10: 37496.25 | E10: =D10/$D$10 -> 1

Sheet Electricity
A2: Type | B2: kWh | C2: kWh/kg H2O2
A3: Compressor | B3: 761.73268 | C3: =B3/'Material streams'!$D$10 -> 0.020314903
A4: Compressor | B4: 1815.5021 | C4: =B4/'Material streams'!$D$10 -> 0.048418231
A5: Compressor | B5: 681.3046 | C5: =B5/'Material streams'!$D$10 -> 0.01816994
A6: Pump | B6: 6.0625453 | C6: =B6/'Material streams'!$D$10 -> 0.00016168404
A7: Pump | B7: 54.760604 | C7: =B7/'Material streams'!$D$10 -> 0.0014604288
A8: Total | B8: =SUM(B3:B7) -> 3319.3625 | C8: =SUM(C3:C7) -> 0.088525186

Sheet Utilities
A1: Utility | B1: Load (kJ/h) | C1: Flow rate (kg/h) | D1: Flow/kg N2O
A2: Cooling water | B2: 1.0500544e+08 | C2: =B2/B8/E8 -> 5020580.5 | D2: =C2/'Material streams'!$D$10 -> 133.89554 | E2: =B2/1000/'Material streams'!D10 -> 2.8004252
A3: Natural gas | B3: 72169498 | C3: =B3/B9/E9 -> 1532.2611 | D3: =C3/'Material streams'!$D$10 -> 0.040864382 | E3: =B3/1000/'Material streams'!D10 -> 1.9247124
A6: Data used for calculating the mass flow rate taken from Aspen energy analyzer
A7: Utility | B7: Effective Cp (kJ/kg C) | C7: Tin | D7: Tout | E7: ΔT
A8: Cooling water | B8: 4.183 | C8: 15 | D8: 20 | E8: =D8-C8 -> 5
A9: Natural gas | B9: 47100 | C9: 1247 | D9: 1246 | E9: =C9-D9 -> 1
