Workbook

Sheet climate_change_per_kg
B1: Scenario | C1: Ammonia | D1: Hydrogen | E1: 2-Ethylanthraquinone | F1: Electricity | G1: Heating | H1: Cooling | I1: CAPEX | J1: Direct emissions | K1: Total | L1: Impact 2050
A2: 0 | B2: N2O | C2: 3.2956514 | D2: 0 | E2: 0 | F2: 0.044663073 | G2: 0 | H2: 1.077132 | I2: 0 | J2: 0.0041427619 | K2: =SUM(C2:J2) -> 4.4215892 | L2: 3.0390472
A3: =A2+1 -> 1 | B3: H2O2 | C3: 0 | D3: 0.93402477 | E3: 0.071590206 | F3: 0.060084848 | G3: 0.13736127 | H3: 0.001294687 | I3: 0 | J3: 0.081327667 | K3: =SUM(C3:J3) -> 1.2856835 | L3: 1.1316159
A4: =A3+1 -> 2 | B4: N2O | C4: 0.78836445 | D4: =D2 -> 0 | E4: =E2 -> 0 | F4: =F2 -> 0.044663073 | G4: =G2 -> 0 | H4: =H2 -> 1.077132 | I4: =I2 -> 0 | J4: =J2 -> 0.0041427619 | K4: =SUM(C4:J4) -> 1.9143022 | L4: 0.089747948
A5: =A4+1 -> 3 | B5: H2O2 | C5: =C3 -> 0 | D5: 0.1405427 | E5: =E3 -> 0.071590206 | F5: =F3 -> 0.060084848 | G5: =G3 -> 0.13736127 | H5: =H3 -> 0.001294687 | I5: =I3 -> 0 | J5: =J3 -> 0.081327667 | K5: =SUM(C5:J5) -> 0.49220138 | L5: 0.34567536

Sheet climate_change_per_kmol
B1: Scenario | C1: Ammonia | D1: Hydrogen | E1: 2-Ethylanthraquinone | F1: Electricity | G1: Heating | H1: Cooling | I1: CAPEX | J1: Direct emissions | K1: Total | L1: Impact 2050
A2: 0 | B2: N2O | C2: =climate_change_per_kg!C2*44 -> 145.00866 | D2: =climate_change_per_kg!D2*44 -> 0 | E2: =climate_change_per_kg!E2*44 -> 0 | F2: =climate_change_per_kg!F2*44 -> 1.9651752 | G2: =climate_change_per_kg!G2*44 -> 0 | H2: =climate_change_per_kg!H2*44 -> 47.393806 | I2: =climate_change_per_kg!I2*44 -> 0 | J2: =climate_change_per_kg!J2*44 -> 0.18228152 | K2: =SUM(C2:J2) -> 194.54992 | L2: =climate_change_per_kg!L2*44 -> 133.71808
A3: =A2+1 -> 1 | B3: H2O2 | C3: =climate_change_per_kg!C3*34 -> 0 | D3: =climate_change_per_kg!D3*34 -> 31.756842 | E3: =climate_change_per_kg!E3*34 -> 2.434067 | F3: =climate_change_per_kg!F3*34 -> 2.0428848 | G3: =climate_change_per_kg!G3*34 -> 4.6702832 | H3: =climate_change_per_kg!H3*34 -> 0.044019359 | I3: =climate_change_per_kg!I3*34 -> 0 | J3: =climate_change_per_kg!J3*34 -> 2.7651407 | K3: =SUM(C3:J3) -> 43.713237 | L3: =climate_change_per_kg!L3*34 -> 38.474942
A4: =A3+1 -> 2 | B4: N2O | C4: =climate_change_per_kg!C4*44 -> 34.688036 | D4: =climate_change_per_kg!D4*44 -> 0 | E4: =climate_change_per_kg!E4*44 -> 0 | F4: =climate_change_per_kg!F4*44 -> 1.9651752 | G4: =climate_change_per_kg!G4*44 -> 0 | H4: =climate_change_per_kg!H4*44 -> 47.393806 | I4: =climate_change_per_kg!I4*44 -> 0 | J4: =climate_change_per_kg!J4*44 -> 0.18228152 | K4: =SUM(C4:J4) -> 84.229299 | L4: =climate_change_per_kg!L4*44 -> 3.9489097
A5: =A4+1 -> 3 | B5: H2O2 | C5: =climate_change_per_kg!C5*34 -> 0 | D5: =climate_change_per_kg!D5*34 -> 4.7784519 | E5: =climate_change_per_kg!E5*34 -> 2.434067 | F5: =climate_change_per_kg!F5*34 -> 2.0428848 | G5: =climate_change_per_kg!G5*34 -> 4.6702832 | H5: =climate_change_per_kg!H5*34 -> 0.044019359 | I5: =climate_change_per_kg!I5*34 -> 0 | J5: =climate_change_per_kg!J5*34 -> 2.7651407 | K5: =SUM(C5:J5) -> 16.734847 | L5: =climate_change_per_kg!L5*34 -> 11.752962

Sheet economics_per_kg
B1: Scenario | C1: Ammonia | D1: Hydrogen | E1: 2-Ethylanthraquinone | F1: Electricity | G1: Heating | H1: Cooling | I1: CAPEX | J1: Direct emissions | K1: Total | L1: Impact 2050
A2: 0 | B2: N2O | C2: 0.66966301 | D2: 0 | E2: 0 | F2: 0.0056797478 | G2: 0 | H2: 0.10084034 | I2: 0.036329861 | J2: 0 | K2: =SUM(C2:J2) -> 0.81251297 | L2: 0.74123231
A3: =A2+1 -> 1 | B3: H2O2 | C3: 0 | D3: 0.1215969 | E3: 1.7534231 | F3: 0.0082752625 | G3: 0.014012332 | H3: 0.0014292667 | I3: 0.036477818 | J3: 0 | K3: =SUM(C3:J3) -> 1.9352147 | L3: 1.9222716
A4: =A3+1 -> 2 | B4: N2O | C4: 1.2562723 | D4: =D2 -> 0 | E4: =E2 -> 0 | F4: =F2 -> 0.0056797478 | G4: =G2 -> 0 | H4: =H2 -> 0.10084034 | I4: =I2 -> 0.036329861 | J4: =J2 -> 0 | K4: =SUM(C4:J4) -> 1.3991222 | L4: 0.994
A5: =A4+1 -> 3 | B5: H2O2 | C5: =C3 -> 0 | D5: 0.40893344 | E5: =E3 -> 1.7534231 | F5: =F3 -> 0.0082752625 | G5: =G3 -> 0.014012332 | H5: =H3 -> 0.0014292667 | I5: =I3 -> 0.036477818 | J5: =J3 -> 0 | K5: =SUM(C5:J5) -> 2.2225512 | L5: 2.0440956

Sheet economics_per_kmol
B1: Scenario | C1: Ammonia | D1: Hydrogen | E1: 2-Ethylanthraquinone | F1: Electricity | G1: Heating | H1: Cooling | I1: CAPEX | J1: Direct emissions | K1: Total | L1: Impact 2050
A2: 0 | B2: N2O | C2: =economics_per_kg!C2*44 -> 29.465173 | D2: =economics_per_kg!D2*44 -> 0 | E2: =economics_per_kg!E2*44 -> 0 | F2: =economics_per_kg!F2*44 -> 0.2499089 | G2: =economics_per_kg!G2*44 -> 0 | H2: =economics_per_kg!H2*44 -> 4.4369752 | I2: =economics_per_kg!I2*44 -> 1.5985139 | J2: =economics_per_kg!J2*44 -> 0 | K2: =SUM(C2:J2) -> 35.750571 | L2: =economics_per_kg!L2*44 -> 32.614222
A3: =A2+1 -> 1 | B3: H2O2 | C3: =economics_per_kg!C3*34 -> 0 | D3: =economics_per_kg!D3*34 -> 4.1342946 | E3: =economics_per_kg!E3*34 -> 59.616386 | F3: =economics_per_kg!F3*34 -> 0.28135893 | G3: =economics_per_kg!G3*34 -> 0.47641929 | H3: =economics_per_kg!H3*34 -> 0.048595066 | I3: =economics_per_kg!I3*34 -> 1.2402458 | J3: =economics_per_kg!J3*34 -> 0 | K3: =SUM(C3:J3) -> 65.7973 | L3: =economics_per_kg!L3*34 -> 65.357235
A4: =A3+1 -> 2 | B4: N2O | C4: =economics_per_kg!C4*44 -> 55.275979 | D4: =economics_per_kg!D4*44 -> 0 | E4: =economics_per_kg!E4*44 -> 0 | F4: =economics_per_kg!F4*44 -> 0.2499089 | G4: =economics_per_kg!G4*44 -> 0 | H4: =economics_per_kg!H4*44 -> 4.4369752 | I4: =economics_per_kg!I4*44 -> 1.5985139 | J4: =economics_per_kg!J4*44 -> 0 | K4: =SUM(C4:J4) -> 61.561377 | L4: =economics_per_kg!L4*44 -> 43.736
A5: =A4+1 -> 3 | B5: H2O2 | C5: =economics_per_kg!C5*34 -> 0 | D5: =economics_per_kg!D5*34 -> 13.903737 | E5: =economics_per_kg!E5*34 -> 59.616386 | F5: =economics_per_kg!F5*34 -> 0.28135893 | G5: =economics_per_kg!G5*34 -> 0.47641929 | H5: =economics_per_kg!H5*34 -> 0.048595066 | I5: =economics_per_kg!I5*34 -> 1.2402458 | J5: =economics_per_kg!J5*34 -> 0 | K5: =SUM(C5:J5) -> 75.566742 | L5: =economics_per_kg!L5*34 -> 69.49925
