Workbook

Sheet climate_change_1-step_vs_5-step
B1: Scenario | C1: Ammonia | D1: Electricity | E1: Heating | F1: Cooling | G1: CAPEX | H1: Direct emissions | I1: Total | J1: Low | K1: High | L1: Impact 2050 | M1: STDEV
A2: 0 | B2: 1-step | C2: 2.7847924 | D2: 0.034123148 | E2: 0 | F2: 0.0022762816 | G2: 0 | H2: 0 | I2: =SUM(C2:H2) -> 2.8211918 | J2: =I2-2*M2 -> 2.0026682 | K2: =I2+2*M2 -> 3.6397154 | L2: 2.6636489 | M2: 0.40926182
A3: =A2+1 -> 1 | B3: 5-step | C3: 3.0433672 | D3: 0.3714903 | E3: 0.020038876 | F3: 0.0054826203 | G3: 0 | H3: 2.5302954e-08 | I3: =SUM(C3:H3) -> 3.440379 | J3: =I3-2*M3 -> 2.465465 | K3: =I3+2*M3 -> 4.415293 | L3: 2.933213 | M3: 0.48745699
A4: =A3+1 -> 2 | B4: 1-step | C4: 0.66616006 | D4: =D2 -> 0.034123148 | E4: =E2 -> 0 | F4: =F2 -> 0.0022762816 | G4: =G2 -> 0 | H4: =H2 -> 0 | I4: =SUM(C4:H4) -> 0.70255949 | J4: =I4-2*M4 -> 0.24900102 | K4: =I4+2*M4 -> 1.156118 | L4: 0.21045219 | M4: 0.22677923
A5: =A4+1 -> 3 | B5: 5-step | C5: 0.72801466 | D5: =D3 -> 0.3714903 | E5: =E3 -> 0.020038876 | F5: =F3 -> 0.0054826203 | G5: =G3 -> 0 | H5: =H3 -> 2.5302954e-08 | I5: =SUM(C5:H5) -> 1.1250265 | J5: =I5-2*M5 -> 0.625829 | K5: =I5+2*M5 -> 1.6242239 | L5: 0.25223108 | M5: 0.24959874

Sheet climate_change_N_vs_H
B1: Scenario | C1: Ammonia | D1: Hydrogen | E1: 2-Ethylanthraquinone | F1: Electricity | G1: Heating | H1: Cooling | I1: CAPEX | J1: Direct emissions | K1: Total | L1: Low | M1: High | N1: Impact 2050 | O1: STDEV
A2: 0 | B2: N2O | C2: 2.7847924 | D2: 0 | E2: 0 | F2: 0.034123148 | G2: 0 | H2: 0.0022762816 | I2: 0 | J2: 0 | K2: =SUM(C2:J2) -> 2.8211918 | L2: =K2-2*O2 -> 2.0026682 | M2: =K2+2*O2 -> 3.6397154 | N2: 2.6636489 | O2: 0.40926182
A3: =A2+1 -> 1 | B3: H2O2 | C3: 0 | D3: 0.93402477 | E3: 0.071590206 | F3: 0.060084848 | G3: 0.13736127 | H3: 0.001294687 | I3: 0 | J3: 0.081327667 | K3: =SUM(C3:J3) -> 1.2856835 | L3: =K3-2*O3 -> 1.0106451 | M3: =K3+2*O3 -> 1.5607218 | N3: 1.1491449 | O3: 0.13751919
A4: =A3+1 -> 2 | B4: N2O | C4: 0.66616006 | D4: =D2 -> 0 | E4: =E2 -> 0 | F4: =F2 -> 0.034123148 | G4: =G2 -> 0 | H4: =H2 -> 0.0022762816 | I4: =I2 -> 0 | J4: =J2 -> 0 | K4: =SUM(C4:J4) -> 0.70255949 | L4: =K4-2*O4 -> 0.24900102 | M4: =K4+2*O4 -> 1.156118 | N4: 0.21045219 | O4: 0.22677923
A5: =A4+1 -> 3 | B5: H2O2 | C5: 0 | D5: 0.1405427 | E5: =E3 -> 0.071590206 | F5: =F3 -> 0.060084848 | G5: =G3 -> 0.13736127 | H5: =H3 -> 0.001294687 | I5: =I3 -> 0 | J5: =J3 -> 0.081327667 | K5: =SUM(C5:J5) -> 0.49220138 | L5: =K5-2*O5 -> 0.2983831 | M5: =K5+2*O5 -> 0.68601967 | N5: 0.37067896 | O5: 0.096909142

Sheet climate_change_blend
B1: Scenario | C1: 2020 | G1: Scenario | H1: 2050
A2: 0 | B2: N2O | C2: 2.8211918 | D2: 0.27538545 | E2: =D2*C2 -> 0.77691517 | G2: N2O | H2: 2.6636489 | I2: 0.38258156 | J2: =I2*H2 -> 1.0190629
A3: =A2+1 -> 1 | B3: H2O2 | C3: 1.2856835 | G3: H2O2 | H3: 1.1491449
A4: =A3+1 -> 2 | B4: N2O | C4: 0.70255949 | D4: =1-D2 -> 0.72461455 | E4: =D4*C4 -> 0.50908483 | G4: N2O | H4: 0.21045219 | I4: =1-I2 -> 0.61741844 | J4: =I4*H4 -> 0.12993706
E5: =SUM(E2+E4) -> 1.286 | J5: =SUM(J2+J4) -> 1.149

Sheet climate_change_phenol
B1: Scenario | C1: Cumene oxidation | D1: Benzene | E1: Nitrous oxide | F1: Hydrogen peroxide | G1: Heating | H1: Cooling | I1: CAPEX | J1: Direct emissions | K1: Total | L1: Low | M1: High | N1: Impact 2050 | O1: STDEV
A2: 0 | B2: BAU | C2: 4.5978907 | D2: 0 | E2: 0 | F2: 0 | G2: 0 | H2: 0 | I2: 0 | J2: 0 | K2: =SUM(C2:J2) -> 4.5978907 | L2: =K2-2*O2 -> 2.5535251 | M2: =K2+2*O2 -> 6.6422562 | N2: 4.4701918 | O2: 1.0221828
A3: =A2+1 -> 1 | B3: N2O | C3: 0 | D3: 1.92048 | E3: 1.3409125 | F3: 0 | G3: 0.91232796 | H3: 0.00036747694 | I3: 0 | J3: 0.13649997 | K3: =SUM(C3:J3) -> 4.3105879 | L3: =K3-2*O3 -> 3.3139312 | M3: =K3+2*O3 -> 5.3072446 | N3: 3.9311717 | O3: 0.49832835
A4: =A3+1 -> 2 | B4: H2O2 | C4: 0 | D4: 2.1376785 | E4: 0 | F4: 0.61584237 | G4: 0.49408688 | H4: 0.0018569584 | I4: 0 | J4: 0.00011534531 | K4: =SUM(C4:J4) -> 3.24958 | L4: =K4-2*O4 -> 2.3295545 | M4: =K4+2*O4 -> 4.1696055 | N4: 2.8584819 | O4: 0.46001275
A5: =A4+1 -> 3 | B5: N2O | C5: =C3 -> 0 | D5: =D3 -> 1.92048 | E5: 0.33392654 | F5: =F3 -> 0 | G5: =G3 -> 0.91232796 | H5: =H3 -> 0.00036747694 | I5: =I3 -> 0 | J5: =J3 -> 0.13649997 | K5: =SUM(C5:J5) -> 3.3036019 | L5: =K5-2*O5 -> 2.4029213 | M5: =K5+2*O5 -> 4.2042825 | N5: 2.7651672 | O5: 0.45034028
A6: =A5+1 -> 4 | B6: H2O2 | C6: =C4 -> 0 | D6: =D4 -> 2.1376785 | E6: =E4 -> 0 | F6: 0.23576447 | G6: =G4 -> 0.49408688 | H6: =H4 -> 0.0018569584 | I6: =I4 -> 0 | J6: =J4 -> 0.00011534531 | K6: =SUM(C6:J6) -> 2.8695021 | L6: =K6-2*O6 -> 1.9519487 | M6: =K6+2*O6 -> 3.7870556 | N6: 2.4855967 | O6: 0.45877673

Sheet economics_1-step_vs_5-step
B1: Scenario | C1: Ammonia | D1: Electricity | E1: Heating | F1: Cooling | G1: CAPEX | H1: Direct emissions | I1: Total | J1: Low | K1: High | L1: Impact 2050
A2: 0 | B2: 1-step | C2: 0.59594292 | D2: 0.0047000672 | E2: 0 | F2: 0.0023076491 | G2: 0.032696429 | H2: 0 | I2: =SUM(C2:H2) -> 0.63564706 | J2: 0.587 | K2: 0.686 | L2: 0.795
A3: =A2+1 -> 1 | B3: 5-step | C3: 0.65127769 | D3: 0.051168474 | E3: 0.0019080896 | F3: 0.0066061417 | G3: 0.13951302 | H3: 0 | I3: =SUM(C3:H3) -> 0.85047341 | J3: 0.797 | K3: 0.905 | L3: 1.025
A4: =A3+1 -> 2 | B4: 1-step | C4: 1.1179751 | D4: =D2 -> 0.0047000672 | E4: =E2 -> 0 | F4: =F2 -> 0.0023076491 | G4: =G2 -> 0.032696429 | H4: =H2 -> 0 | I4: =SUM(C4:H4) -> 1.1576792 | J4: 0.879 | K4: 1.465 | L4: 0.797
A5: =A4+1 -> 3 | B5: 5-step | C5: 1.2217818 | D5: =D3 -> 0.051168474 | E5: =E3 -> 0.0019080896 | F5: =F3 -> 0.0066061417 | G5: =G3 -> 0.13951302 | H5: 0 | I5: =SUM(C5:H5) -> 1.4209775 | J5: 1.116 | K5: 1.757 | L5: 1.027

Sheet economics_N_vs_H
B1: Scenario | C1: Ammonia | D1: Hydrogen | E1: 2-Ethylanthraquinone | F1: Electricity | G1: Heating | H1: Cooling | I1: CAPEX | J1: Direct emissions | K1: Total | L1: Low | M1: High | N1: Impact 2050
A2: 0 | B2: N2O | C2: 0.59594292 | D2: 0 | E2: 0 | F2: 0.0047000672 | G2: 0 | H2: 0.0023076491 | I2: 0.032696429 | J2: 0 | K2: =SUM(C2:J2) -> 0.63564706 | L2: 0.587 | M2: 0.686 | N2: 0.795
A3: =A2+1 -> 1 | B3: H2O2 | C3: 0 | D3: 0.12160759 | E3: 1.457296 | F3: 0.0082759901 | G3: 0.013848837 | H3: 0.0014293923 | I3: 0.036481025 | J3: 0 | K3: =SUM(C3:J3) -> 1.6389389 | L3: 1.617 | M3: 1.726 | N3: 1.6715563
A4: =A3+1 -> 2 | B4: N2O | C4: 1.1179751 | D4: =D2 -> 0 | E4: =E2 -> 0 | F4: 0.0047000672 | G4: 0 | H4: 0.0023076491 | I4: 0.032696429 | J4: 0 | K4: =SUM(C4:J4) -> 1.1576792 | L4: 0.879 | M4: 1.465 | N4: 0.797
A5: =A4+1 -> 3 | B5: H2O2 | C5: =C3 -> 0 | D5: 0.4089694 | E5: =E3 -> 1.457296 | F5: =F3 -> 0.0082759901 | G5: =G3 -> 0.013848837 | H5: =H3 -> 0.0014293923 | I5: =I3 -> 0.036481025 | J5: =J3 -> 0 | K5: =SUM(C5:J5) -> 1.9263007 | L5: 1.859 | M5: 1.997 | N5: 1.7478293

Sheet economics_blend
B1: Scenario | C1: Ammonia | D1: Hydrogen | E1: 2-Ethylanthraquinone | F1: Electricity | G1: Heating | H1: Cooling | I1: CAPEX | J1: Direct emissions | K1: Total | L1: Low | M1: High | N1: Impact 2050
A2: 0 | B2: N2O | C2: =economics_N_vs_H!C2*climate_change_blend!$D$2+economics_N_vs_H!C4*climate_change_blend!$D$4 -> 0.97421501 | D2: =economics_N_vs_H!D2*climate_change_blend!$D$2+economics_N_vs_H!D4*climate_change_blend!$D$4 -> 0 | E2: =economics_N_vs_H!E2*climate_change_blend!$D$2+economics_N_vs_H!E4*climate_change_blend!$D$4 -> 0 | F2: =economics_N_vs_H!F2*climate_change_blend!$D$2+economics_N_vs_H!F4*climate_change_blend!$D$4 -> 0.0047000672 | G2: =economics_N_vs_H!G2*climate_change_blend!$D$2+economics_N_vs_H!G4*climate_change_blend!$D$4 -> 0 | H2: =economics_N_vs_H!H2*climate_change_blend!$D$2+economics_N_vs_H!H4*climate_change_blend!$D$4 -> 0.0023076491 | I2: =economics_N_vs_H!I2*climate_change_blend!$D$2+economics_N_vs_H!I4*climate_change_blend!$D$4 -> 0.032696429 | J2: =economics_N_vs_H!J2*climate_change_blend!$D$2+economics_N_vs_H!J4*climate_change_blend!$D$4 -> 0 | K2: =SUM(C2:J2) -> 1.0139192 | L2: =economics_N_vs_H!L2*climate_change_blend!$D$2+economics_N_vs_H!L4*climate_change_blend!$D$4 -> 0.79858745 | M2: =economics_N_vs_H!M2*climate_change_blend!$D$2+economics_N_vs_H!M4*climate_change_blend!$D$4 -> 1.2504747 | N2: =economics_N_vs_H!N2*climate_change_blend!I2+economics_N_vs_H!N4*climate_change_blend!I4 -> 0.79623484
A3: =A2+1 -> 1 | B3: H2O2 | C3: 0 | D3: 0.12160759 | E3: 1.457296 | F3: 0.0082759901 | G3: 0.013848837 | H3: 0.0014293923 | I3: 0.036481025 | J3: 0 | K3: =SUM(C3:J3) -> 1.6389389 | L3: 1.617 | M3: 1.726 | N3: 1.6715563

Sheet economics_phenol
B1: Scenario | C1: Cumene oxidation | D1: Benzene | E1: Nitrous oxide | F1: Hydrogen peroxide | G1: Heating | H1: Cooling | I1: CAPEX | J1: Direct emissions | K1: Total | L1: Low | M1: High | N1: Impact 2050
A2: 0 | B2: BAU | C2: 1.2 | D2: 0 | E2: 0 | F2: 0 | G2: 0 | H2: 0 | I2: 0 | J2: 0 | K2: =SUM(C2:J2) -> 1.2 | L2: 0.8 | M2: 1.7 | N2: =K2*596.2/550.8*596.2/550.8*596.2/550.8 -> 1.5218623
A3: =A2+1 -> 1 | B3: N2O | C3: 0 | D3: 0.66279647 | E3: 0.30214845 | F3: 0 | G3: 0.078184181 | H3: 0.00049972871 | I3: 0.047294146 | J3: 0 | K3: =SUM(C3:J3) -> 1.090923 | L3: 1.068 | M3: 1.207 | N3: 1.167
A4: =A3+1 -> 2 | B4: H2O2 | C4: 0 | D4: 0.73775037 | E4: 0 | F4: 0.78507418 | G4: 0.042341987 | H4: 0.0025252617 | I4: 0.065735641 | J4: 0 | K4: =SUM(C4:J4) -> 1.6334274 | L4: 1.623 | M4: 1.739 | N4: 1.649
A5: =A4+1 -> 3 | B5: N2O | C5: 0 | D5: =D3 -> 0.66279647 | E5: 0.55029119 | F5: 0 | G5: =G3 -> 0.078184181 | H5: =H3 -> 0.00049972871 | I5: =I3 -> 0.047294146 | J5: =J3 -> 0 | K5: =SUM(C5:J5) -> 1.3390657 | L5: 1.115 | M5: 1.485 | N5: 1.168
A6: =A5+1 -> 4 | B6: H2O2 | C6: 0 | D6: =D4 -> 0.73775037 | E6: 0 | F6: 0.92272442 | G6: =G4 -> 0.042341987 | H6: =H4 -> 0.0025252617 | I6: =I4 -> 0.065735641 | J6: =J4 -> 0 | K6: =SUM(C6:J6) -> 1.7710777 | L6: 1.675 | M6: 1.805 | N6: 1.686
