Workbook

Sheet BAU process
A1: Fossil ammonia scenario (no pollution) | E1: Wind ammonia scenario (no pollution)
A2: Component | B2: USD2019 kg-1 N2O | C2: USD2022 kg-1 N2O | E2: Component | F2: USD2019 kg-1 N2O | G2: USD2022 kg-1 N2O
A3: Ammonia | B3: 0.39945469 | C3: 0.62543471 | E3: Ammonia | F3: 1.1279246 | G3: 1.173301
A4: Electricity | B4: 0.040607451 | C4: 0.05106613 | E4: Electricity | F4: 0.040607451 | G4: 0.05106613
A5: Cooling water | B5: 0.0015121665 | C5: 0.002031157 | E5: Cooling water | F5: 0.0015121665 | G5: 0.002031157
A6: CAPEX | B6: 0.10066869 | C6: 0.13521918 | E6: CAPEX | F6: 0.10066869 | G6: 0.13521918
A7: Total | B7: =SUM(B3:B6) -> 0.54224299 | C7: =SUM(C3:C6) -> 0.81375117 | E7: Total | F7: =SUM(F3:F6) -> 1.2707129 | G7: =SUM(G3:G6) -> 1.3616174
A9: Fossil ammonia scenario (pollution) | E9: Wind ammonia scenario (pollution)
A10: Component | B10: USD2019 kg-1 N2O | C10: USD2022 kg-1 N2O | E10: Component | F10: USD2019 kg-1 N2O | G10: USD2022 kg-1 N2O
A11: Ammonia | B11: 0.42357417 | C11: 0.6631991 | E11: Ammonia | F11: 1.1960299 | G11: 1.2441461
A12: Electricity | B12: 0.042043561 | C12: 0.052872118 | E12: Electricity | F12: 0.042043561 | G12: 0.052872118
A13: Cooling water | B13: 0.0015294625 | C13: 0.0020543892 | E13: Cooling water | F13: 0.0015294625 | G13: 0.0020543892
A14: CAPEX | B14: 0.10310888 | C14: 0.13849687 | E14: CAPEX | F14: 0.10310888 | G14: 0.13849687
A15: Total | B15: =SUM(B11:B14) -> 0.57025608 | C15: =SUM(C11:C14) -> 0.85662248 | E15: Total | F15: =SUM(F11:F14) -> 1.3427118 | G15: =SUM(G11:G14) -> 1.4375695

Sheet AON process
A1: Fossil ammonia scenario 86% selectivity | E1: Wind ammonia scenario 86% selectivity
A2: Component | B2: USD2019 kg-1 N2O | C2: USD2022 kg-1 N2O | E2: Component | F2: USD2019 kg-1 N2O | G2: USD2022 kg-1 N2O
A3: Ammonia | B3: 0.42225403 | C3: 0.66113212 | E3: Ammonia | F3: 1.1923022 | G3: 1.2402685
A4: Electricity | B4: 0.025192856 | C4: 0.031681418 | E4: Electricity | F4: 0.025192856 | G4: 0.031681418
A5: Cooling water | B5: 0.0032232891 | C5: 0.0043295538 | E5: Cooling water | F5: 0.0032232891 | G5: 0.0043295538
A6: CAPEX | B6: 0.035783851 | C6: 0.048065222 | E6: CAPEX | F6: 0.035783851 | G6: 0.048065222
A7: Total | B7: =SUM(B3:B6) -> 0.48645402 | C7: =SUM(C3:C6) -> 0.74520831 | E7: Total | F7: =SUM(F3:F6) -> 1.2565022 | G7: =SUM(G3:G6) -> 1.3243447
A9: Fossil ammonia scenario 100% selectivity | E9: Wind ammonia scenario 100% selectivity
A10: Component | B10: USD2019 kg-1 N2O | C10: USD2022 kg-1 N2O | E10: Component | F10: USD2019 kg-1 N2O | G10: USD2022 kg-1 N2O
A11: Ammonia | B11: 0.36307168 | C11: 0.56846906 | E11: Ammonia | F11: 1.0251913 | G11: 1.0664347
A12: Electricity | B12: 0.022327187 | C12: 0.028077681 | E12: Electricity | F12: 0.022327187 | G12: 0.028077681
A13: Cooling water | B13: 0.0028178679 | C13: 0.003784988 | E13: Cooling water | F13: 0.0028178679 | G13: 0.003784988
A14: CAPEX | B14: 0.031982861 | C14: 0.042959695 | E14: CAPEX | F14: 0.031982861 | G14: 0.042959695
A15: Total | B15: =SUM(B11:B14) -> 0.4201996 | C15: =SUM(C11:C14) -> 0.64329142 | E15: Total | F15: =SUM(F11:F14) -> 1.0823192 | G15: =SUM(G11:G14) -> 1.1412571

Sheet Overall
B1: Scenario | C1: Ammonia | D1: Year | E1: Fossil ammonia | F1: Green ammonia | G1: Electricity | H1: Cooling water | I1: CAPEX | J1: Total
A2: 0 | B2: BAU | C2: Fossil | D2: 2019 | E2: ='BAU process'!B3 -> 0.39945469 | F2: 0 | G2: ='BAU process'!B4 -> 0.040607451 | H2: ='BAU process'!B5 -> 0.0015121665 | I2: ='BAU process'!B6 -> 0.10066869 | J2: =SUM(E2:I2) -> 0.54224299
A3: 1 | B3: BAU (pollution) | C3: Fossil | D3: 2019 | E3: ='BAU process'!B11 -> 0.42357417 | F3: =F2 -> 0 | G3: ='BAU process'!B12 -> 0.042043561 | H3: ='BAU process'!B13 -> 0.0015294625 | I3: ='BAU process'!B14 -> 0.10310888 | J3: =SUM(E3:I3) -> 0.57025608
A4: 2 | B4: AMX | C4: Fossil | D4: 2019 | E4: ='AON process'!B3 -> 0.42225403 | F4: =F2 -> 0 | G4: ='AON process'!B4 -> 0.025192856 | H4: ='AON process'!B5 -> 0.0032232891 | I4: ='AON process'!B6 -> 0.035783851 | J4: =SUM(E4:I4) -> 0.48645402
A5: 3 | B5: AMX (ideal) | C5: Fossil | D5: 2019 | E5: ='AON process'!B11 -> 0.36307168 | F5: =F2 -> 0 | G5: ='AON process'!B12 -> 0.022327187 | H5: ='AON process'!B13 -> 0.0028178679 | I5: ='AON process'!B14 -> 0.031982861 | J5: =SUM(E5:I5) -> 0.4201996
A6: 4 | B6: BAU | C6: Green | D6: 2019 | E6: =F2 -> 0 | F6: ='BAU process'!F3 -> 1.1279246 | G6: =G2 -> 0.040607451 | H6: =H2 -> 0.0015121665 | I6: =I2 -> 0.10066869 | J6: =SUM(E6:I6) -> 1.2707129
A7: 5 | B7: BAU (pollution) | C7: Green | D7: 2019 | E7: =E6 -> 0 | F7: ='BAU process'!F11 -> 1.1960299 | G7: =G3 -> 0.042043561 | H7: =H3 -> 0.0015294625 | I7: =I3 -> 0.10310888 | J7: =SUM(E7:I7) -> 1.3427118
A8: 6 | B8: AMX | C8: Green | D8: 2019 | E8: =E6 -> 0 | F8: ='AON process'!F3 -> 1.1923022 | G8: =G4 -> 0.025192856 | H8: =H4 -> 0.0032232891 | I8: =I4 -> 0.035783851 | J8: =SUM(E8:I8) -> 1.2565022
A9: 7 | B9: AMX (ideal) | C9: Green | D9: 2019 | E9: =E6 -> 0 | F9: ='AON process'!F11 -> 1.0251913 | G9: =G5 -> 0.022327187 | H9: =H5 -> 0.0028178679 | I9: =I5 -> 0.031982861 | J9: =SUM(E9:I9) -> 1.0823192
A10: 8 | B10: BAU | C10: Fossil | D10: 2022 | E10: ='BAU process'!C3 -> 0.62543471 | F10: =F2 -> 0 | G10: ='BAU process'!C4 -> 0.05106613 | H10: ='BAU process'!C5 -> 0.002031157 | I10: ='BAU process'!C6 -> 0.13521918 | J10: =SUM(E10:I10) -> 0.81375117
A11: 9 | B11: BAU (pollution) | C11: Fossil | D11: 2022 | E11: ='BAU process'!C11 -> 0.6631991 | F11: =F2 -> 0 | G11: ='BAU process'!C12 -> 0.052872118 | H11: ='BAU process'!C13 -> 0.0020543892 | I11: ='BAU process'!C14 -> 0.13849687 | J11: =SUM(E11:I11) -> 0.85662248
A12: 10 | B12: AMX | C12: Fossil | D12: 2022 | E12: ='AON process'!C3 -> 0.66113212 | F12: =F2 -> 0 | G12: ='AON process'!C4 -> 0.031681418 | H12: ='AON process'!C5 -> 0.0043295538 | I12: ='AON process'!C6 -> 0.048065222 | J12: =SUM(E12:I12) -> 0.74520831
A13: 11 | B13: AMX (ideal) | C13: Fossil | D13: 2022 | E13: ='AON process'!C11 -> 0.56846906 | F13: =F2 -> 0 | G13: ='AON process'!C12 -> 0.028077681 | H13: ='AON process'!C13 -> 0.003784988 | I13: ='AON process'!C14 -> 0.042959695 | J13: =SUM(E13:I13) -> 0.64329142
A14: 12 | B14: BAU | C14: Green | D14: 2022 | E14: =E6 -> 0 | F14: ='BAU process'!G3 -> 1.173301 | G14: =G10 -> 0.05106613 | H14: =H10 -> 0.002031157 | I14: =I10 -> 0.13521918 | J14: =SUM(E14:I14) -> 1.3616174
A15: 13 | B15: BAU (pollution) | C15: Green | D15: 2022 | E15: =E6 -> 0 | F15: ='BAU process'!G11 -> 1.2441461 | G15: =G11 -> 0.052872118 | H15: =H11 -> 0.0020543892 | I15: =I11 -> 0.13849687 | J15: =SUM(E15:I15) -> 1.4375695
A16: 14 | B16: AMX | C16: Green | D16: 2022 | E16: =E6 -> 0 | F16: ='AON process'!G3 -> 1.2402685 | G16: =G12 -> 0.031681418 | H16: =H12 -> 0.0043295538 | I16: =I12 -> 0.048065222 | J16: =SUM(E16:I16) -> 1.3243447
A17: 15 | B17: AMX (ideal) | C17: Green | D17: 2022 | E17: =E6 -> 0 | F17: ='AON process'!G11 -> 1.0664347 | G17: =G13 -> 0.028077681 | H17: =H13 -> 0.003784988 | I17: =I13 -> 0.042959695 | J17: =SUM(E17:I17) -> 1.1412571
